PRAGMA foreign_keys=OFF;
BEGIN TRANSACTION;
CREATE TABLE IF NOT EXISTS "django_migrations" ("id" integer NOT NULL PRIMARY KEY AUTOINCREMENT, "app" varchar(255) NOT NULL, "name" varchar(255) NOT NULL, "applied" datetime NOT NULL);
INSERT INTO django_migrations VALUES(1,'contenttypes','0001_initial','2023-08-29 16:56:19.186026');
INSERT INTO django_migrations VALUES(2,'contenttypes','0002_remove_content_type_name','2023-08-29 16:56:19.191570');
INSERT INTO django_migrations VALUES(3,'auth','0001_initial','2023-08-29 16:56:19.204495');
INSERT INTO django_migrations VALUES(4,'auth','0002_alter_permission_name_max_length','2023-08-29 16:56:19.212061');
INSERT INTO django_migrations VALUES(5,'auth','0003_alter_user_email_max_length','2023-08-29 16:56:19.218396');
INSERT INTO django_migrations VALUES(6,'auth','0004_alter_user_username_opts','2023-08-29 16:56:19.223445');
INSERT INTO django_migrations VALUES(7,'auth','0005_alter_user_last_login_null','2023-08-29 16:56:19.229276');
INSERT INTO django_migrations VALUES(8,'auth','0006_require_contenttypes_0002','2023-08-29 16:56:19.232641');
INSERT INTO django_migrations VALUES(9,'auth','0007_alter_validators_add_error_messages','2023-08-29 16:56:19.237808');
INSERT INTO django_migrations VALUES(10,'auth','0008_alter_user_username_max_length','2023-08-29 16:56:19.243592');
INSERT INTO django_migrations VALUES(11,'auth','0009_alter_user_last_name_max_length','2023-08-29 16:56:19.249681');
INSERT INTO django_migrations VALUES(12,'auth','0010_alter_group_name_max_length','2023-08-29 16:56:19.257039');
INSERT INTO django_migrations VALUES(13,'auth','0011_update_proxy_permissions','2023-08-29 16:56:19.263259');
INSERT INTO django_migrations VALUES(14,'auth','0012_alter_user_first_name_max_length','2023-08-29 16:56:19.267841');
INSERT INTO django_migrations VALUES(15,'users','0001_initial','2023-08-29 16:56:19.283040');
INSERT INTO django_migrations VALUES(16,'admin','0001_initial','2023-08-29 16:56:19.292337');
INSERT INTO django_migrations VALUES(17,'admin','0002_logentry_remove_auto_add','2023-08-29 16:56:19.300547');
INSERT INTO django_migrations VALUES(18,'admin','0003_logentry_add_action_flag_choices','2023-08-29 16:56:19.310330');
INSERT INTO django_migrations VALUES(19,'products','0001_initial','2023-08-29 16:56:19.313254');
INSERT INTO django_migrations VALUES(20,'products','0002_product_slug','2023-08-29 16:56:19.318044');
INSERT INTO django_migrations VALUES(21,'products','0003_product_image','2023-08-29 16:56:19.322652');
INSERT INTO django_migrations VALUES(22,'carts','0001_initial','2023-08-29 16:56:19.338190');
INSERT INTO django_migrations VALUES(23,'carts','0002_cart_products','2023-08-29 16:56:19.349635');
INSERT INTO django_migrations VALUES(24,'categories','0001_initial','2023-08-29 16:56:19.352726');
INSERT INTO django_migrations VALUES(25,'categories','0002_category_products','2023-08-29 16:56:19.366621');
INSERT INTO django_migrations VALUES(26,'sessions','0001_initial','2023-08-29 16:56:19.372071');
INSERT INTO django_migrations VALUES(27,'orders','0001_initial','2023-08-30 20:20:54.736924');
INSERT INTO django_migrations VALUES(28,'orders','0002_order_order_id','2023-09-01 16:13:03.783467');
INSERT INTO django_migrations VALUES(29,'shipping_addresses','0001_initial','2023-09-12 20:49:20.804895');
INSERT INTO django_migrations VALUES(30,'orders','0002_order_shipping_address','2023-09-21 21:20:58.870836');
INSERT INTO django_migrations VALUES(31,'promo_codes','0001_initial','2023-10-02 22:32:24.793165');
INSERT INTO django_migrations VALUES(32,'orders','0002_order_promo_code','2023-10-09 21:28:42.084351');
INSERT INTO django_migrations VALUES(33,'billing_profiles','0001_initial','2023-10-10 20:02:07.615192');
INSERT INTO django_migrations VALUES(34,'users','0002_user_customer_id','2023-10-10 21:52:16.721277');
INSERT INTO django_migrations VALUES(35,'orders','0003_order_billing_profile','2023-10-11 20:46:09.955655');
INSERT INTO django_migrations VALUES(36,'charges','0001_initial','2023-10-12 14:46:20.938753');
CREATE TABLE IF NOT EXISTS "django_content_type" ("id" integer NOT NULL PRIMARY KEY AUTOINCREMENT, "app_label" varchar(100) NOT NULL, "model" varchar(100) NOT NULL);
INSERT INTO django_content_type VALUES(1,'admin','logentry');
INSERT INTO django_content_type VALUES(2,'auth','permission');
INSERT INTO django_content_type VALUES(3,'auth','group');
INSERT INTO django_content_type VALUES(4,'contenttypes','contenttype');
INSERT INTO django_content_type VALUES(5,'sessions','session');
INSERT INTO django_content_type VALUES(6,'products','product');
INSERT INTO django_content_type VALUES(7,'categories','category');
INSERT INTO django_content_type VALUES(8,'users','user');
INSERT INTO django_content_type VALUES(9,'users','profile');
INSERT INTO django_content_type VALUES(10,'users','customer');
INSERT INTO django_content_type VALUES(11,'carts','cart');
INSERT INTO django_content_type VALUES(12,'carts','cartproducts');
INSERT INTO django_content_type VALUES(13,'orders','order');
INSERT INTO django_content_type VALUES(14,'shipping_addresses','shippingaddress');
INSERT INTO django_content_type VALUES(15,'promo_codes','promocode');
INSERT INTO django_content_type VALUES(16,'billing_profiles','billingprofile');
INSERT INTO django_content_type VALUES(17,'charges','charge');
CREATE TABLE IF NOT EXISTS "auth_group_permissions" ("id" integer NOT NULL PRIMARY KEY AUTOINCREMENT, "group_id" integer NOT NULL REFERENCES "auth_group" ("id") DEFERRABLE INITIALLY DEFERRED, "permission_id" integer NOT NULL REFERENCES "auth_permission" ("id") DEFERRABLE INITIALLY DEFERRED);
CREATE TABLE IF NOT EXISTS "auth_permission" ("id" integer NOT NULL PRIMARY KEY AUTOINCREMENT, "content_type_id" integer NOT NULL REFERENCES "django_content_type" ("id") DEFERRABLE INITIALLY DEFERRED, "codename" varchar(100) NOT NULL, "name" varchar(255) NOT NULL);
INSERT INTO auth_permission VALUES(1,1,'add_logentry','Can add log entry');
INSERT INTO auth_permission VALUES(2,1,'change_logentry','Can change log entry');
INSERT INTO auth_permission VALUES(3,1,'delete_logentry','Can delete log entry');
INSERT INTO auth_permission VALUES(4,1,'view_logentry','Can view log entry');
INSERT INTO auth_permission VALUES(5,2,'add_permission','Can add permission');
INSERT INTO auth_permission VALUES(6,2,'change_permission','Can change permission');
INSERT INTO auth_permission VALUES(7,2,'delete_permission','Can delete permission');
INSERT INTO auth_permission VALUES(8,2,'view_permission','Can view permission');
INSERT INTO auth_permission VALUES(9,3,'add_group','Can add group');
INSERT INTO auth_permission VALUES(10,3,'change_group','Can change group');
INSERT INTO auth_permission VALUES(11,3,'delete_group','Can delete group');
INSERT INTO auth_permission VALUES(12,3,'view_group','Can view group');
INSERT INTO auth_permission VALUES(13,4,'add_contenttype','Can add content type');
INSERT INTO auth_permission VALUES(14,4,'change_contenttype','Can change content type');
INSERT INTO auth_permission VALUES(15,4,'delete_contenttype','Can delete content type');
INSERT INTO auth_permission VALUES(16,4,'view_contenttype','Can view content type');
INSERT INTO auth_permission VALUES(17,5,'add_session','Can add session');
INSERT INTO auth_permission VALUES(18,5,'change_session','Can change session');
INSERT INTO auth_permission VALUES(19,5,'delete_session','Can delete session');
INSERT INTO auth_permission VALUES(20,5,'view_session','Can view session');
INSERT INTO auth_permission VALUES(21,6,'add_product','Can add product');
INSERT INTO auth_permission VALUES(22,6,'change_product','Can change product');
INSERT INTO auth_permission VALUES(23,6,'delete_product','Can delete product');
INSERT INTO auth_permission VALUES(24,6,'view_product','Can view product');
INSERT INTO auth_permission VALUES(25,7,'add_category','Can add category');
INSERT INTO auth_permission VALUES(26,7,'change_category','Can change category');
INSERT INTO auth_permission VALUES(27,7,'delete_category','Can delete category');
INSERT INTO auth_permission VALUES(28,7,'view_category','Can view category');
INSERT INTO auth_permission VALUES(29,8,'add_user','Can add user');
INSERT INTO auth_permission VALUES(30,8,'change_user','Can change user');
INSERT INTO auth_permission VALUES(31,8,'delete_user','Can delete user');
INSERT INTO auth_permission VALUES(32,8,'view_user','Can view user');
INSERT INTO auth_permission VALUES(33,9,'add_profile','Can add profile');
INSERT INTO auth_permission VALUES(34,9,'change_profile','Can change profile');
INSERT INTO auth_permission VALUES(35,9,'delete_profile','Can delete profile');
INSERT INTO auth_permission VALUES(36,9,'view_profile','Can view profile');
INSERT INTO auth_permission VALUES(37,10,'add_customer','Can add customer');
INSERT INTO auth_permission VALUES(38,10,'change_customer','Can change customer');
INSERT INTO auth_permission VALUES(39,10,'delete_customer','Can delete customer');
INSERT INTO auth_permission VALUES(40,10,'view_customer','Can view customer');
INSERT INTO auth_permission VALUES(41,11,'add_cart','Can add cart');
INSERT INTO auth_permission VALUES(42,11,'change_cart','Can change cart');
INSERT INTO auth_permission VALUES(43,11,'delete_cart','Can delete cart');
INSERT INTO auth_permission VALUES(44,11,'view_cart','Can view cart');
INSERT INTO auth_permission VALUES(45,12,'add_cartproducts','Can add cart products');
INSERT INTO auth_permission VALUES(46,12,'change_cartproducts','Can change cart products');
INSERT INTO auth_permission VALUES(47,12,'delete_cartproducts','Can delete cart products');
INSERT INTO auth_permission VALUES(48,12,'view_cartproducts','Can view cart products');
INSERT INTO auth_permission VALUES(49,13,'add_order','Can add order');
INSERT INTO auth_permission VALUES(50,13,'change_order','Can change order');
INSERT INTO auth_permission VALUES(51,13,'delete_order','Can delete order');
INSERT INTO auth_permission VALUES(52,13,'view_order','Can view order');
INSERT INTO auth_permission VALUES(53,14,'add_shippingaddress','Can add shipping address');
INSERT INTO auth_permission VALUES(54,14,'change_shippingaddress','Can change shipping address');
INSERT INTO auth_permission VALUES(55,14,'delete_shippingaddress','Can delete shipping address');
INSERT INTO auth_permission VALUES(56,14,'view_shippingaddress','Can view shipping address');
INSERT INTO auth_permission VALUES(57,15,'add_promocode','Can add promo code');
INSERT INTO auth_permission VALUES(58,15,'change_promocode','Can change promo code');
INSERT INTO auth_permission VALUES(59,15,'delete_promocode','Can delete promo code');
INSERT INTO auth_permission VALUES(60,15,'view_promocode','Can view promo code');
INSERT INTO auth_permission VALUES(61,16,'add_billingprofile','Can add billing profile');
INSERT INTO auth_permission VALUES(62,16,'change_billingprofile','Can change billing profile');
INSERT INTO auth_permission VALUES(63,16,'delete_billingprofile','Can delete billing profile');
INSERT INTO auth_permission VALUES(64,16,'view_billingprofile','Can view billing profile');
INSERT INTO auth_permission VALUES(65,17,'add_charge','Can add charge');
INSERT INTO auth_permission VALUES(66,17,'change_charge','Can change charge');
INSERT INTO auth_permission VALUES(67,17,'delete_charge','Can delete charge');
INSERT INTO auth_permission VALUES(68,17,'view_charge','Can view charge');
CREATE TABLE IF NOT EXISTS "auth_group" ("id" integer NOT NULL PRIMARY KEY AUTOINCREMENT, "name" varchar(150) NOT NULL UNIQUE);
CREATE TABLE IF NOT EXISTS "users_user" ("id" integer NOT NULL PRIMARY KEY AUTOINCREMENT, "password" varchar(128) NOT NULL, "last_login" datetime NULL, "is_superuser" bool NOT NULL, "username" varchar(150) NOT NULL UNIQUE, "first_name" varchar(150) NOT NULL, "last_name" varchar(150) NOT NULL, "email" varchar(254) NOT NULL, "is_staff" bool NOT NULL, "is_active" bool NOT NULL, "date_joined" datetime NOT NULL, "customer_id" varchar(100) NULL);
INSERT INTO users_user VALUES(1,'pbkdf2_sha256$600000$g6m7FXxShkQKkRwJNcTJBH$uKQf3sQ31wutw630bCDI3y/biwfcRdjC7K1dNWck5J8=','2023-10-04 15:13:42.943265',1,'admin','','','admin@gmail.com',1,1,'2023-08-29 16:58:36.278726','cus_Ong5vOfPZJp2k2');
INSERT INTO users_user VALUES(2,'pbkdf2_sha256$600000$w1eiTBmne8ZCkRuaKl014b$zPI6QxycFh7mK7tawDSTHCK+g/hRRQ3HpA9BoR0iQbU=','2023-09-19 21:36:33.939734',0,'maicol11','','','',0,1,'2023-09-19 21:34:59.144180',NULL);
INSERT INTO users_user VALUES(3,'pbkdf2_sha256$600000$Tfb8sAEUjBZFmgYghne0tb$H6MUvX8KyXQZUFwCo00b2+6zF/S+TPhs6dnYHEUd4/0=','2023-09-29 21:04:59.620117',0,'maicol','','','maicol.yela@gmail.com',0,1,'2023-09-27 16:12:42.790075',NULL);
CREATE TABLE IF NOT EXISTS "users_user_groups" ("id" integer NOT NULL PRIMARY KEY AUTOINCREMENT, "user_id" bigint NOT NULL REFERENCES "users_user" ("id") DEFERRABLE INITIALLY DEFERRED, "group_id" integer NOT NULL REFERENCES "auth_group" ("id") DEFERRABLE INITIALLY DEFERRED);
CREATE TABLE IF NOT EXISTS "users_user_user_permissions" ("id" integer NOT NULL PRIMARY KEY AUTOINCREMENT, "user_id" bigint NOT NULL REFERENCES "users_user" ("id") DEFERRABLE INITIALLY DEFERRED, "permission_id" integer NOT NULL REFERENCES "auth_permission" ("id") DEFERRABLE INITIALLY DEFERRED);
CREATE TABLE IF NOT EXISTS "users_profile" ("id" integer NOT NULL PRIMARY KEY AUTOINCREMENT, "bio" text NOT NULL, "user_id" bigint NOT NULL UNIQUE REFERENCES "users_user" ("id") DEFERRABLE INITIALLY DEFERRED);
CREATE TABLE IF NOT EXISTS "django_admin_log" ("id" integer NOT NULL PRIMARY KEY AUTOINCREMENT, "object_id" text NULL, "object_repr" varchar(200) NOT NULL, "action_flag" smallint unsigned NOT NULL CHECK ("action_flag" >= 0), "change_message" text NOT NULL, "content_type_id" integer NULL REFERENCES "django_content_type" ("id") DEFERRABLE INITIALLY DEFERRED, "user_id" bigint NOT NULL REFERENCES "users_user" ("id") DEFERRABLE INITIALLY DEFERRED, "action_time" datetime NOT NULL);
INSERT INTO django_admin_log VALUES(1,'1','',3,'',13,1,'2023-09-01 15:19:19.246296');
INSERT INTO django_admin_log VALUES(2,'2','',3,'',13,1,'2023-09-01 16:26:56.803242');
INSERT INTO django_admin_log VALUES(3,'3','3ce9ab89-d3ad-4d7e-b351-6b2ad29a0f5b',3,'',13,1,'2023-09-01 22:25:22.483916');
INSERT INTO django_admin_log VALUES(4,'8','ae3b116e-a0f9-48ef-a0ec-3c968583c1a7',3,'',13,1,'2023-09-08 21:31:54.171193');
INSERT INTO django_admin_log VALUES(5,'7','a9d516c5-2d08-4774-91a7-9c61e9ac2dfc',3,'',13,1,'2023-09-08 21:31:54.177310');
INSERT INTO django_admin_log VALUES(6,'6','ef2e8078-e084-46fd-a3f0-3722cfc4e8b8',3,'',13,1,'2023-09-08 21:31:54.179256');
INSERT INTO django_admin_log VALUES(7,'5','75c7a582-e5b2-4c5d-96a0-9d948c051188',3,'',13,1,'2023-09-08 21:31:54.182265');
INSERT INTO django_admin_log VALUES(8,'4','c604af2e-870b-42c9-8c6b-0fcaf93bfbf4',3,'',13,1,'2023-09-08 21:31:54.184400');
INSERT INTO django_admin_log VALUES(9,'7','35231dab-0b25-4795-9af1-7bfcd27b5669',3,'',11,1,'2023-09-12 16:02:47.743803');
INSERT INTO django_admin_log VALUES(10,'6','326879cf-b583-4428-9c3b-8544b54464b0',3,'',11,1,'2023-09-12 16:02:47.747804');
INSERT INTO django_admin_log VALUES(11,'5','1a2f1dfe-8fb8-4bb5-9036-d371e7ed1927',3,'',11,1,'2023-09-12 16:02:47.751139');
INSERT INTO django_admin_log VALUES(12,'4','e1e60cea-af0a-4462-b6d3-f073aa33b892',3,'',11,1,'2023-09-12 16:02:47.760515');
INSERT INTO django_admin_log VALUES(13,'3','ac49efd4-34dd-4822-a233-a388eb187afa',3,'',11,1,'2023-09-12 16:02:47.762994');
INSERT INTO django_admin_log VALUES(14,'2','af3dd447-947d-41cf-bd28-5c63119d9bae',3,'',11,1,'2023-09-12 16:02:47.764413');
INSERT INTO django_admin_log VALUES(15,'1','b5eb6edc-59a6-4a98-8476-b903b9171e1c',3,'',11,1,'2023-09-12 16:02:47.765581');
INSERT INTO django_admin_log VALUES(16,'8','51cc3b2b-5775-433f-b8e5-b0af353282a7',3,'',11,1,'2023-09-12 16:07:16.025553');
INSERT INTO django_admin_log VALUES(17,'10','33dfdbb8-9413-4aa1-9ed0-c7256284d0b2',3,'',11,1,'2023-09-12 16:40:58.418024');
INSERT INTO django_admin_log VALUES(18,'9','62da4a9e-e3ad-45d7-a516-ab31863b63c7',3,'',11,1,'2023-09-12 16:40:58.423418');
INSERT INTO django_admin_log VALUES(19,'11','bb9b9848-970b-45b8-b19e-5a77faae20f3',3,'',11,1,'2023-09-12 16:41:31.998170');
INSERT INTO django_admin_log VALUES(20,'12','f9073c40-9994-4db9-ae55-2daa64a492cc',3,'',11,1,'2023-09-12 20:51:08.897422');
INSERT INTO django_admin_log VALUES(21,'6','1111',3,'',14,1,'2023-09-18 21:32:31.210433');
INSERT INTO django_admin_log VALUES(22,'5','1111',3,'',14,1,'2023-09-18 21:32:31.214006');
INSERT INTO django_admin_log VALUES(23,'4','1111',3,'',14,1,'2023-09-18 21:32:31.216213');
INSERT INTO django_admin_log VALUES(24,'3','1111',3,'',14,1,'2023-09-18 21:32:31.217651');
INSERT INTO django_admin_log VALUES(25,'2','1111',3,'',14,1,'2023-09-18 21:32:31.218944');
INSERT INTO django_admin_log VALUES(26,'1','1111',3,'',14,1,'2023-09-18 21:32:31.222839');
INSERT INTO django_admin_log VALUES(27,'7','1111',3,'',14,1,'2023-09-18 21:32:52.612841');
INSERT INTO django_admin_log VALUES(28,'8','1111',3,'',14,1,'2023-09-18 21:50:23.980959');
INSERT INTO django_admin_log VALUES(29,'13','038',3,'',14,1,'2023-09-19 21:29:08.847220');
INSERT INTO django_admin_log VALUES(30,'12','038',3,'',14,1,'2023-09-19 21:29:08.851063');
INSERT INTO django_admin_log VALUES(31,'11','038',3,'',14,1,'2023-09-19 21:29:08.856310');
INSERT INTO django_admin_log VALUES(32,'10','098',3,'',14,1,'2023-09-19 21:29:08.858838');
INSERT INTO django_admin_log VALUES(33,'9','096a',3,'',14,1,'2023-09-19 21:29:08.861481');
INSERT INTO django_admin_log VALUES(34,'14','038',1,'[{"added": {}}]',14,1,'2023-09-19 21:29:48.392157');
INSERT INTO django_admin_log VALUES(35,'14','038',3,'',14,1,'2023-09-19 21:32:04.341597');
INSERT INTO django_admin_log VALUES(36,'2','maicol11',1,'[{"added": {}}]',8,1,'2023-09-19 21:34:59.474910');
INSERT INTO django_admin_log VALUES(37,'15','096',2,'[{"changed": {"fields": ["Default"]}}]',14,1,'2023-09-19 22:02:28.127905');
INSERT INTO django_admin_log VALUES(38,'17','096a',3,'',14,1,'2023-09-19 22:03:05.031357');
INSERT INTO django_admin_log VALUES(39,'16','096a',3,'',14,1,'2023-09-19 22:03:05.036045');
INSERT INTO django_admin_log VALUES(40,'15','096',3,'',14,1,'2023-09-19 22:03:05.038283');
INSERT INTO django_admin_log VALUES(41,'20','096',3,'',14,1,'2023-09-20 20:22:42.545739');
INSERT INTO django_admin_log VALUES(42,'18','038',3,'',14,1,'2023-09-20 20:22:42.551225');
INSERT INTO django_admin_log VALUES(43,'18','600559f5-a8cd-47a8-86da-61a5cd4132f5',3,'',13,1,'2023-09-21 21:22:12.646500');
INSERT INTO django_admin_log VALUES(44,'17','4e4b8547-2264-474a-9653-7f4e83fd63df',3,'',13,1,'2023-09-21 21:22:12.655922');
INSERT INTO django_admin_log VALUES(45,'16','73ddaf30-4008-44af-9c33-d2a86b0503a9',3,'',13,1,'2023-09-21 21:22:12.658055');
INSERT INTO django_admin_log VALUES(46,'15','3e23e4e8-f724-492e-ac31-d4448d3357f3',3,'',13,1,'2023-09-21 21:22:12.661838');
INSERT INTO django_admin_log VALUES(47,'19','62d3f422-9261-4b3c-8030-8fba509b1693',3,'',13,1,'2023-09-21 21:29:30.614168');
INSERT INTO django_admin_log VALUES(48,'20','291579f7-0f75-4506-8d8e-848e027facbe',3,'',13,1,'2023-09-21 21:31:27.539764');
INSERT INTO django_admin_log VALUES(49,'21','cba42e97-2d13-487e-93f3-8badb5c7f769',3,'',13,1,'2023-09-21 21:32:29.374497');
INSERT INTO django_admin_log VALUES(50,'22','8ce57d87-3a31-4010-ad59-6a32416930be',3,'',13,1,'2023-09-21 21:56:36.171445');
INSERT INTO django_admin_log VALUES(51,'22','001',3,'',14,1,'2023-09-21 21:59:03.272830');
INSERT INTO django_admin_log VALUES(52,'24','a2441e8f-a423-453a-9cca-baab8b4be186',3,'',13,1,'2023-09-21 22:10:43.023406');
INSERT INTO django_admin_log VALUES(53,'35','9c0fc1e7-035d-4af9-91bd-cf90c0c95dcf',3,'',13,1,'2023-09-28 22:14:58.382221');
INSERT INTO django_admin_log VALUES(54,'34','bca7f450-1562-4c50-a7fa-637c685ebbe2',3,'',13,1,'2023-09-28 22:14:58.393805');
INSERT INTO django_admin_log VALUES(55,'33','9b4c8a50-8fa1-45e0-a4fc-3d9ce7f93b3a',3,'',13,1,'2023-09-28 22:14:58.401563');
INSERT INTO django_admin_log VALUES(56,'32','8b7b265d-04db-4696-af24-fcc02a743fdf',3,'',13,1,'2023-09-28 22:14:58.403055');
INSERT INTO django_admin_log VALUES(57,'31','e669ea17-614d-40ca-8943-4292551754f6',3,'',13,1,'2023-09-28 22:14:58.404371');
INSERT INTO django_admin_log VALUES(58,'30','0e22dc71-dcbf-44e2-b328-5b675c330add',3,'',13,1,'2023-09-28 22:14:58.406625');
INSERT INTO django_admin_log VALUES(59,'29','d148e3d6-78e4-4a0c-8a03-826ba867c487',3,'',13,1,'2023-09-28 22:14:58.408149');
INSERT INTO django_admin_log VALUES(60,'28','8b63197a-e4d5-484c-85ba-2f0440aa7676',3,'',13,1,'2023-09-28 22:14:58.409441');
INSERT INTO django_admin_log VALUES(61,'27','9fa34b2a-5c1a-4655-abcc-9708f5342d4f',3,'',13,1,'2023-09-28 22:14:58.410938');
INSERT INTO django_admin_log VALUES(62,'1','IEDIWUOGN1',1,'[{"added": {}}]',15,1,'2023-10-04 15:22:54.441500');
INSERT INTO django_admin_log VALUES(63,'2','JBHA9LG0TU',1,'[{"added": {}}]',15,1,'2023-10-10 18:48:06.376970');
INSERT INTO django_admin_log VALUES(64,'44','8bd80059-2f77-4a75-9b9c-a71af44c127f',3,'',13,1,'2023-10-10 19:32:42.310321');
INSERT INTO django_admin_log VALUES(65,'43','ae2c9b2f-01d0-48f1-9e76-d8ee209845a1',3,'',13,1,'2023-10-10 19:32:42.314368');
INSERT INTO django_admin_log VALUES(66,'42','87b65181-e475-4e86-ba39-746a75f1130a',3,'',13,1,'2023-10-10 19:32:42.323581');
INSERT INTO django_admin_log VALUES(67,'41','d6cbab35-8720-4d41-986a-455cad4b8f06',3,'',13,1,'2023-10-10 19:32:42.325349');
INSERT INTO django_admin_log VALUES(68,'40','ff537b7a-341a-4624-b24b-4747c3ddcc1b',3,'',13,1,'2023-10-10 19:32:42.327525');
INSERT INTO django_admin_log VALUES(69,'39','87675ce7-b314-4a52-8dfb-1e8ce24d85f7',3,'',13,1,'2023-10-10 19:32:42.331232');
INSERT INTO django_admin_log VALUES(70,'38','2c5c4d12-3d50-4870-b773-9baf1f092587',3,'',13,1,'2023-10-10 19:32:42.332882');
INSERT INTO django_admin_log VALUES(71,'37','b61d2b1e-4e1e-4d33-8494-60a7cf583937',3,'',13,1,'2023-10-10 19:32:42.335370');
INSERT INTO django_admin_log VALUES(72,'36','1ec628dc-cab3-4bc6-afe8-eedd63f5e09f',3,'',13,1,'2023-10-10 19:32:42.337028');
INSERT INTO django_admin_log VALUES(73,'39','77624d25-bb77-4145-833c-dd07ed36e060',3,'',11,1,'2023-10-10 19:32:54.258353');
INSERT INTO django_admin_log VALUES(74,'38','8a43352f-6396-45c1-8f38-27b2b0f5c264',3,'',11,1,'2023-10-10 19:32:54.271758');
INSERT INTO django_admin_log VALUES(75,'37','45f95d66-e4c6-40e5-a2d7-dce63f197e90',3,'',11,1,'2023-10-10 19:32:54.273460');
INSERT INTO django_admin_log VALUES(76,'36','194dabde-da05-4bee-9620-144569e3cf34',3,'',11,1,'2023-10-10 19:32:54.275514');
INSERT INTO django_admin_log VALUES(77,'35','2bb9b88e-8c68-4a71-a19e-8e14fa15bd67',3,'',11,1,'2023-10-10 19:32:54.276729');
INSERT INTO django_admin_log VALUES(78,'34','0af04991-2f6b-40fc-9426-9d1f12b1fe32',3,'',11,1,'2023-10-10 19:32:54.278007');
INSERT INTO django_admin_log VALUES(79,'33','9957ca93-1ff2-4631-9df0-ec16368a5956',3,'',11,1,'2023-10-10 19:32:54.281080');
INSERT INTO django_admin_log VALUES(80,'32','60df8549-60ea-4585-883e-9f5c6e9cfed1',3,'',11,1,'2023-10-10 19:32:54.282926');
INSERT INTO django_admin_log VALUES(81,'31','a20e31ec-cb5d-42f1-8e9b-6c1ec365fdb8',3,'',11,1,'2023-10-10 19:32:54.285758');
INSERT INTO django_admin_log VALUES(82,'30','6536f908-34e5-4a45-85da-1894a260f77c',3,'',11,1,'2023-10-10 19:32:54.290163');
INSERT INTO django_admin_log VALUES(83,'29','13493f03-1820-4a8c-9e4c-3dfa95b9102b',3,'',11,1,'2023-10-10 19:32:54.291574');
INSERT INTO django_admin_log VALUES(84,'28','a56212ac-100b-4c61-a3f9-5dcc683e3e63',3,'',11,1,'2023-10-10 19:32:54.293828');
INSERT INTO django_admin_log VALUES(85,'27','6dc89f17-5ecf-4a83-83f8-f24ad0839466',3,'',11,1,'2023-10-10 19:32:54.295505');
INSERT INTO django_admin_log VALUES(86,'26','2e49c900-92df-4e33-9bc7-43e247d65c39',3,'',11,1,'2023-10-10 19:32:54.296889');
INSERT INTO django_admin_log VALUES(87,'25','10b4c1be-2617-40e9-aacb-d08b57a7ac2e',3,'',11,1,'2023-10-10 19:32:54.298633');
INSERT INTO django_admin_log VALUES(88,'24','da76da85-f5ec-430a-8751-3ee22ccdd1b6',3,'',11,1,'2023-10-10 19:32:54.299508');
INSERT INTO django_admin_log VALUES(89,'23','5bd52e40-45a5-49b9-9ec3-265483eddee1',3,'',11,1,'2023-10-10 19:32:54.301067');
INSERT INTO django_admin_log VALUES(90,'22','9e7827b2-e6b0-424a-865d-fd4da5782f90',3,'',11,1,'2023-10-10 19:32:54.302034');
INSERT INTO django_admin_log VALUES(91,'21','5064b43d-8090-405e-a608-83849dd8f5c1',3,'',11,1,'2023-10-10 19:32:54.303102');
INSERT INTO django_admin_log VALUES(92,'20','7c854141-9267-4c26-a8b4-ad1dd760cd02',3,'',11,1,'2023-10-10 19:32:54.305195');
INSERT INTO django_admin_log VALUES(93,'19','2cf478b3-cd99-4a18-9c53-9eabee4ab8d1',3,'',11,1,'2023-10-10 19:32:54.307547');
INSERT INTO django_admin_log VALUES(94,'18','5dd90d5e-637a-45a5-ac07-f335873754f5',3,'',11,1,'2023-10-10 19:32:54.308889');
INSERT INTO django_admin_log VALUES(95,'17','fd2a18c4-83e8-4522-9b14-decc442313ab',3,'',11,1,'2023-10-10 19:32:54.310968');
INSERT INTO django_admin_log VALUES(96,'16','209b19de-f5a5-4981-85b2-d0b944a841af',3,'',11,1,'2023-10-10 19:32:54.312473');
INSERT INTO django_admin_log VALUES(97,'15','6d1fc364-ca97-455c-93ad-dcd0184b024c',3,'',11,1,'2023-10-10 19:32:54.318674');
INSERT INTO django_admin_log VALUES(98,'14','e35acdab-4289-4680-b891-cfb6a61eddfd',3,'',11,1,'2023-10-10 19:32:54.321062');
INSERT INTO django_admin_log VALUES(99,'13','df9dcb8a-d357-4b07-aaf5-9bdcfe8c9046',3,'',11,1,'2023-10-10 19:32:54.322279');
INSERT INTO django_admin_log VALUES(100,'1','IEDIWUOGN1',2,'[{"changed": {"fields": ["Used"]}}]',15,1,'2023-10-10 19:33:53.036198');
INSERT INTO django_admin_log VALUES(101,'2','JBHA9LG0TU',2,'[{"changed": {"fields": ["Used"]}}]',15,1,'2023-10-10 19:33:58.313196');
CREATE TABLE IF NOT EXISTS "products_product" ("id" integer NOT NULL PRIMARY KEY AUTOINCREMENT, "title" varchar(50) NOT NULL, "description" text NOT NULL, "price" decimal NOT NULL, "created_at" datetime NOT NULL, "slug" varchar(50) NOT NULL UNIQUE, "image" varchar(100) NOT NULL);
INSERT INTO products_product VALUES(2,'Playera caballero','playera',10,'2023-07-24 16:56:51.887000','playera-caballero','products/playera.png');
INSERT INTO products_product VALUES(3,'Playera dama','Playera ,ujer',20,'2023-07-24 22:18:32.476000','playera-dama','products/playera-dama.png');
CREATE TABLE IF NOT EXISTS "carts_cartproducts" ("id" integer NOT NULL PRIMARY KEY AUTOINCREMENT, "quantity" integer NOT NULL, "created_at" datetime NOT NULL, "cart_id" bigint NOT NULL REFERENCES "carts_cart" ("id") DEFERRABLE INITIALLY DEFERRED, "product_id" bigint NOT NULL REFERENCES "products_product" ("id") DEFERRABLE INITIALLY DEFERRED);
INSERT INTO carts_cartproducts VALUES(64,1,'2023-10-11 22:29:32.940494',40,3);
CREATE TABLE IF NOT EXISTS "carts_cart" ("id" integer NOT NULL PRIMARY KEY AUTOINCREMENT, "cart_id" varchar(100) NOT NULL UNIQUE, "subtotal" decimal NOT NULL, "total" decimal NOT NULL, "created_at" datetime NOT NULL, "user_id" bigint NULL REFERENCES "users_user" ("id") DEFERRABLE INITIALLY DEFERRED);
INSERT INTO carts_cart VALUES(40,'eeea872a-b89f-481d-912c-764a3a71fcde',20,21,'2023-10-10 19:33:15.042323',1);
CREATE TABLE IF NOT EXISTS "categories_category" ("id" integer NOT NULL PRIMARY KEY AUTOINCREMENT, "title" varchar(50) NOT NULL, "description" text NOT NULL, "created_at" datetime NOT NULL);
CREATE TABLE IF NOT EXISTS "categories_category_products" ("id" integer NOT NULL PRIMARY KEY AUTOINCREMENT, "category_id" bigint NOT NULL REFERENCES "categories_category" ("id") DEFERRABLE INITIALLY DEFERRED, "product_id" bigint NOT NULL REFERENCES "products_product" ("id") DEFERRABLE INITIALLY DEFERRED);
CREATE TABLE IF NOT EXISTS "django_session" ("session_key" varchar(40) NOT NULL PRIMARY KEY, "session_data" text NOT NULL, "expire_date" datetime NOT NULL);
INSERT INTO django_session VALUES('hqxa0jfbawb17it1eko3heg5mme91k7y','.eJxVjzlOxEAQRe_SMW25qjc3ITlnsGprPIBsyfZEiLvTI5lg0r88_f_jhPZzvql7dUDYQJv5qfHkI3PydQzZayhgxRQqFvfiZrqfy3w_bL9qzxqTfNn6MPST1o9tkG099xsPj8hwucfwvql9v13ZJ8BCx9LbGEFaKE2CgI6JmQAttYKGo5qUin1qYRSeppbRwsRRWg5dyDHE1qHbrv8jqWqCLMmjjv1bKdFXoOKrZLBK0mHifv8AfcxT3w:1qdHBr:0KW7dDfFcMLUpiAVliWBG5PCewOuX3QyzTbrjVJfkkE','2023-09-18 21:32:59.236542');
INSERT INTO django_session VALUES('qfakia8t7zkg0waspbxmlhnnrp24evv7','.eJxVjjtuwzAQRO_COhTIXf6U0n3OIOyPkZNAAiS5CnL3yIhTuJ2Z9zDfTmg7pqu6V4cZMCqxDwzZpzpmP1KPvnIXhcq5lNG9uIluxzzddtv-sPicMcmnLfdCP2h5XwdZl2O78nCfDI92H95Wta_LY_skmGmfTxpSlI61C0rUkJkpguVewSCoSR1Bu1UG4dZ6AcPGSXrBMygJUz-l66b_J0OIwRDVQxnRJ03iG3f2luQUtySE5H5-ARTQU7c:1qg5FK:H3tcbg9DXIF8zcmiZ-HO2miaieqVzuG2wGi0d2-laJI','2023-09-26 15:24:10.853033');
INSERT INTO django_session VALUES('pwi940242kee67judpo18w26ogcaszax','.eJxVj01OwzAUhO_iNY5sP8d2WHbPGaL3SwookZJ0hXr3JqJIsJ1vZjTz7Ua87dN423Qdr-JeXXQvfzVC_tT5BPKB8_vS8TLv65W609I96da9LaJfl6f3X8GE23SkU45sUI2Bo4SeCGPS3mrSFES5DklMKyWm1qwkhUaZrcAhlAzZjlLGdf_ZqNAjC5LPqQ0-lxY8tSF6NipYoorYuWJZ5fdVBRE0CD6H0HzOaH5gAC8JW6HQB8DB3R9kNVQi:1qgW5y:4dydT5MjHs5Ty4m4d7LLD6bi4m-CvtKe50LONexUQcY','2023-09-27 20:04:18.359446');
INSERT INTO django_session VALUES('gas4nyrnt60cnm0nfswoek2t206yu4sx','.eJxVjMsOgjAUBf-la9PQ20LRpXu_gfS-BDVtQmFl_HchYaHbmTnnbYa0LuOwVpmHic3FOHP6ZZjoKXkX_Ej5XiyVvMwT2j2xh632Vlhe16P9OxhTHbc1BEfqo5Inx02LmBxIqxEEGhaKZ2CViEDY99qB-B4Daec30AUf1Hy-AmI4uQ:1qiiLx:QxlVU_ahGQlhQZ7eZDJBPiIAYaFOqv8N-c3zVWCb1Tk','2023-10-03 21:33:53.287170');
INSERT INTO django_session VALUES('mvvnesxzt04mrc2w9o006etlntm73nmq','.eJxVjMEOwiAQRP-FsyFAIVs8evcbyLILUjWQlPZk_Hcl6UEzt3lv5iUC7lsJe09rWFichRGn3y4iPVIdgO9Yb01Sq9u6RDkUedAur43T83K4fwcFe_muZwAXIakRw0BEzmSiyJq8xRkN2sllpUF7UjGzVcmDIshR6wk8ifcH-hM4VA:1qiiNl:qcq1D0DuT_Rat8iej9I603CJUOXgyzn8LRZlIkhlMXA','2023-10-03 21:35:45.112175');
INSERT INTO django_session VALUES('hacz3dvu22535jhnrklh6gelh2cxx2iz','.eJxVjj0OgzAUg--SGUXkJRDasTtnQHk_KbQokQJMVe9eqBja0fZnyy81hG0dh22RMkysrsqo6tfDQE9JR8CPkO5ZU05rmVAfiD7TRfeZZb6d7N_AGJZxb4MzFK2PZMlw3SAGA9JEDwI1C_kLcBSPQNh1sQWxHTqKrd2N1lkX91EKZf1-TNs8VyoXPj8f-v0BhXVDoQ:1qjnzP:9UCpDNXJsTXiadbmiR4rTRINrri_Fea0OnPvvOJ6P_g','2023-10-06 21:47:07.246392');
INSERT INTO django_session VALUES('y8b16adr6d430jr1u57doy9e66mpajng','.eJxVjE0OwiAYRO_C2hAotIJL956BfH9I1ZSktCvj3W2TLnQzi3lv5q0SrEtJa5M5jawuyqnTb4dAT5l2wA-Y7lVTnZZ5RL0r-qBN3yrL63q4fwcFWtnWHv3gOZgeYnZmsDF3yGcCChY5ElrprPRMbmAfQgRxWxom4JyDR1GfL_CBONE:1qlzUU:KXk5qVccz80yq_gML0m0U0NMPBi2HEOJ5cQad4mfg0c','2023-10-12 22:28:14.849630');
INSERT INTO django_session VALUES('sp1xpa78hviefafx8a2aybkiomli5nfu','eyJjYXJ0X2lkIjoiMTk0ZGFiZGUtZGEwNS00YmVlLTk2MjAtMTQ0NTY5ZTNjZjM0In0:1qmKq4:wsrfkY-wUTHffBd1qFeXpGMO6dNnl6azTLhlNvGCR5c','2023-10-13 21:15:56.134960');
INSERT INTO django_session VALUES('m6hscta0gxa056ax4oqsiqu87e3c1plm','.eJxVjj0OgzAUg--SGUXkJRDasTtnQHk_KbQokQJMVe9eqBja0fZnyy81hG0dh22RMkysrsqo6tfDQE9JR8CPkO5ZU05rmVAfiD7TRfeZZb6d7N_AGJZxb4MzFK2PZMlw3SAGA9JEDwI1C_kLcBSPQNh1sQWxHTqKrd2N1lkX91EKZf1-TNs8VyoXPj8f-v0BhXVDoQ:1qqxUF:IFMcT0Wamc5AUegH2xvhACa6QUzb0bNHdEvuxXifcmo','2023-10-26 15:20:31.407930');
CREATE TABLE IF NOT EXISTS "shipping_addresses_shippingaddress" ("id" integer NOT NULL PRIMARY KEY AUTOINCREMENT, "line1" varchar(200) NOT NULL, "line2" varchar(200) NOT NULL, "city" varchar(100) NOT NULL, "state" varchar(100) NOT NULL, "country" varchar(50) NOT NULL, "reference" varchar(300) NOT NULL, "postal_code" varchar(10) NOT NULL, "default" bool NOT NULL, "created_at" datetime NOT NULL, "user_id" bigint NOT NULL REFERENCES "users_user" ("id") DEFERRABLE INITIALLY DEFERRED);
INSERT INTO shipping_addresses_shippingaddress VALUES(24,'calle 1','calle 2','mocoa','apapap','colombia','NNN','038',1,'2023-09-21 22:11:08.731716',1);
INSERT INTO shipping_addresses_shippingaddress VALUES(26,'calle 1','calle 2','mocoa','colombiano','COLOMBIA','ninguna','096',0,'2023-09-22 19:26:54.550803',1);
INSERT INTO shipping_addresses_shippingaddress VALUES(27,'calle 1','calle 2','mocoa','colombia','colombia','Nn','001',1,'2023-09-27 16:13:18.978206',3);
CREATE TABLE IF NOT EXISTS "promo_codes_promocode" ("id" integer NOT NULL PRIMARY KEY AUTOINCREMENT, "code" varchar(50) NOT NULL UNIQUE, "discount" real NOT NULL, "valid_from" datetime NOT NULL, "valid_to" datetime NOT NULL, "used" bool NOT NULL, "created_at" datetime NOT NULL);
INSERT INTO promo_codes_promocode VALUES(1,'IEDIWUOGN1',5.0,'2023-10-04 15:22:45','2023-10-04 15:22:50',0,'2023-10-04 15:22:54.439043');
INSERT INTO promo_codes_promocode VALUES(2,'JBHA9LG0TU',10.0,'2023-10-10 18:47:33','2023-10-24 18:47:55',1,'2023-10-10 18:48:06.369611');
CREATE TABLE IF NOT EXISTS "orders_order" ("id" integer NOT NULL PRIMARY KEY AUTOINCREMENT, "order_id" varchar(100) NOT NULL UNIQUE, "status" varchar(50) NOT NULL, "shipping_total" decimal NOT NULL, "total" decimal NOT NULL, "created_at" datetime NOT NULL, "cart_id" bigint NOT NULL REFERENCES "carts_cart" ("id") DEFERRABLE INITIALLY DEFERRED, "shipping_address_id" bigint NULL REFERENCES "shipping_addresses_shippingaddress" ("id") DEFERRABLE INITIALLY DEFERRED, "user_id" bigint NOT NULL REFERENCES "users_user" ("id") DEFERRABLE INITIALLY DEFERRED, "promo_code_id" bigint NULL UNIQUE REFERENCES "promo_codes_promocode" ("id") DEFERRABLE INITIALLY DEFERRED, "billing_profile_id" bigint NULL REFERENCES "billing_profiles_billingprofile" ("id") DEFERRABLE INITIALLY DEFERRED);
INSERT INTO orders_order VALUES(45,'7c8e2943-c3fb-42d0-9f9b-1b7d5c821696','OrderStatus.COMPLETED',5,16,'2023-10-10 19:33:24.233759',40,24,1,2,1);
CREATE TABLE IF NOT EXISTS "billing_profiles_billingprofile" ("id" integer NOT NULL PRIMARY KEY AUTOINCREMENT, "token" varchar(50) NOT NULL, "card_id" varchar(50) NOT NULL, "last4" varchar(4) NOT NULL, "brand" varchar(10) NOT NULL, "default" bool NOT NULL, "created_at" datetime NOT NULL, "user_id" bigint NOT NULL REFERENCES "users_user" ("id") DEFERRABLE INITIALLY DEFERRED);
INSERT INTO billing_profiles_billingprofile VALUES(1,'tok_1O04izIufUONhdIFGEb4MXsP','card_1O04izIufUONhdIF5J7R0BYp','4242','Visa',1,'2023-10-11 15:53:31.586826',1);
CREATE TABLE IF NOT EXISTS "charges_charge" ("id" integer NOT NULL PRIMARY KEY AUTOINCREMENT, "charge_id" varchar(50) NOT NULL, "amount" integer NOT NULL, "payment_method" varchar(50) NOT NULL, "status" varchar(50) NOT NULL, "created_at" datetime NOT NULL, "order_id" bigint NOT NULL UNIQUE REFERENCES "orders_order" ("id") DEFERRABLE INITIALLY DEFERRED, "user_id" bigint NOT NULL REFERENCES "users_user" ("id") DEFERRABLE INITIALLY DEFERRED);
INSERT INTO charges_charge VALUES(1,'ch_3O0QgcIufUONhdIF1MwwXBwJ',1600,'card_1O04izIufUONhdIF5J7R0BYp','succeeded','2023-10-12 15:20:31.384246',45,1);
DELETE FROM sqlite_sequence;
INSERT INTO sqlite_sequence VALUES('django_migrations',36);
INSERT INTO sqlite_sequence VALUES('django_content_type',17);
INSERT INTO sqlite_sequence VALUES('auth_permission',68);
INSERT INTO sqlite_sequence VALUES('auth_group',0);
INSERT INTO sqlite_sequence VALUES('django_admin_log',101);
INSERT INTO sqlite_sequence VALUES('products_product',3);
INSERT INTO sqlite_sequence VALUES('carts_cart',40);
INSERT INTO sqlite_sequence VALUES('users_user',3);
INSERT INTO sqlite_sequence VALUES('carts_cartproducts',64);
INSERT INTO sqlite_sequence VALUES('shipping_addresses_shippingaddress',27);
INSERT INTO sqlite_sequence VALUES('promo_codes_promocode',2);
INSERT INTO sqlite_sequence VALUES('orders_order',45);
INSERT INTO sqlite_sequence VALUES('billing_profiles_billingprofile',1);
INSERT INTO sqlite_sequence VALUES('charges_charge',1);
CREATE UNIQUE INDEX "django_content_type_app_label_model_76bd3d3b_uniq" ON "django_content_type" ("app_label", "model");
CREATE UNIQUE INDEX "auth_group_permissions_group_id_permission_id_0cd325b0_uniq" ON "auth_group_permissions" ("group_id", "permission_id");
CREATE INDEX "auth_group_permissions_group_id_b120cbf9" ON "auth_group_permissions" ("group_id");
CREATE INDEX "auth_group_permissions_permission_id_84c5c92e" ON "auth_group_permissions" ("permission_id");
CREATE UNIQUE INDEX "auth_permission_content_type_id_codename_01ab375a_uniq" ON "auth_permission" ("content_type_id", "codename");
CREATE INDEX "auth_permission_content_type_id_2f476e4b" ON "auth_permission" ("content_type_id");
CREATE UNIQUE INDEX "users_user_groups_user_id_group_id_b88eab82_uniq" ON "users_user_groups" ("user_id", "group_id");
CREATE INDEX "users_user_groups_user_id_5f6f5a90" ON "users_user_groups" ("user_id");
CREATE INDEX "users_user_groups_group_id_9afc8d0e" ON "users_user_groups" ("group_id");
CREATE UNIQUE INDEX "users_user_user_permissions_user_id_permission_id_43338c45_uniq" ON "users_user_user_permissions" ("user_id", "permission_id");
CREATE INDEX "users_user_user_permissions_user_id_20aca447" ON "users_user_user_permissions" ("user_id");
CREATE INDEX "users_user_user_permissions_permission_id_0b93982e" ON "users_user_user_permissions" ("permission_id");
CREATE INDEX "django_admin_log_content_type_id_c4bce8eb" ON "django_admin_log" ("content_type_id");
CREATE INDEX "django_admin_log_user_id_c564eba6" ON "django_admin_log" ("user_id");
CREATE INDEX "carts_cartproducts_cart_id_ba4f1f11" ON "carts_cartproducts" ("cart_id");
CREATE INDEX "carts_cartproducts_product_id_20faa16a" ON "carts_cartproducts" ("product_id");
CREATE INDEX "carts_cart_user_id_bd0756c7" ON "carts_cart" ("user_id");
CREATE UNIQUE INDEX "categories_category_products_category_id_product_id_83c57c41_uniq" ON "categories_category_products" ("category_id", "product_id");
CREATE INDEX "categories_category_products_category_id_54c9c22d" ON "categories_category_products" ("category_id");
CREATE INDEX "categories_category_products_product_id_0803359e" ON "categories_category_products" ("product_id");
CREATE INDEX "django_session_expire_date_a5c62663" ON "django_session" ("expire_date");
CREATE INDEX "shipping_addresses_shippingaddress_user_id_729fd1b2" ON "shipping_addresses_shippingaddress" ("user_id");
CREATE INDEX "orders_order_cart_id_7e0252e3" ON "orders_order" ("cart_id");
CREATE INDEX "orders_order_shipping_address_id_c4f8227a" ON "orders_order" ("shipping_address_id");
CREATE INDEX "orders_order_user_id_e9b59eb1" ON "orders_order" ("user_id");
CREATE INDEX "billing_profiles_billingprofile_user_id_b5e0e8de" ON "billing_profiles_billingprofile" ("user_id");
CREATE INDEX "orders_order_billing_profile_id_0e11b610" ON "orders_order" ("billing_profile_id");
CREATE INDEX "charges_charge_user_id_05abb3bc" ON "charges_charge" ("user_id");
COMMIT;
